Auto update on Sat Sep  6 04:12:59 UTC 2025
Auto update on Sat Sep  6 04:17:08 UTC 2025
Auto update on Sat Sep  6 07:18:57 UTC 2025
Auto update on Sat Sep  6 13:13:45 UTC 2025
Auto update on Sat Sep  6 13:13:59 UTC 2025
Auto update on Sun Sep  7 07:19:17 UTC 2025
Auto update on Mon Sep  8 07:23:17 UTC 2025
Auto update on Tue Sep  9 07:22:11 UTC 2025
Auto update on Wed Sep 10 07:21:49 UTC 2025
Auto update on Thu Sep 11 07:21:57 UTC 2025
Auto update on Fri Sep 12 07:20:53 UTC 2025
Auto update on Sat Sep 13 07:18:27 UTC 2025
Auto update on Sun Sep 14 07:19:03 UTC 2025
Auto update on Mon Sep 15 07:23:44 UTC 2025
Auto update on Tue Sep 16 07:22:24 UTC 2025
Auto update on Wed Sep 17 07:21:15 UTC 2025
Auto update on Thu Sep 18 07:21:14 UTC 2025
Auto update on Fri Sep 19 07:21:41 UTC 2025
Auto update on Sat Sep 20 07:19:25 UTC 2025
Auto update on Sun Sep 21 07:18:22 UTC 2025
Auto update on Mon Sep 22 07:23:43 UTC 2025
Auto update on Tue Sep 23 07:22:30 UTC 2025
Auto update on Wed Sep 24 07:22:59 UTC 2025
Auto update on Thu Sep 25 07:23:38 UTC 2025
Auto update on Fri Sep 26 07:22:29 UTC 2025
Auto update on Sat Sep 27 07:18:22 UTC 2025
